{"DirectorySortOption":0,"DirectorySortDirection":0,"DirectoryGroupOption":0,"LayoutMode":4,"GridViewSize":100,"ColumnsViewModel":{"TagColumn":{"UserCollapsed":false,"Length":{"Value":0.0,"GridUnitType":1,"IsAbsolute":true,"IsAuto":false,"IsStar":false},"LengthIncludingGridSplitter":{"Value":0.0,"GridUnitType":1,"IsAbsolute":true,"IsAuto":false,"IsStar":false},"UserLength":{"Value":200.0,"GridUnitType":1,"IsAbsolute":true,"IsAuto":false,"IsStar":false},"UserLengthPixels":200.0},"NameColumn":{"UserCollapsed":false,"Length":{"Value":261.65048543689318,"GridUnitType":1,"IsAbsolute":true,"IsAuto":false,"IsStar":false},"LengthIncludingGridSplitter":{"Value":262.65048543689318,"GridUnitType":1,"IsAbsolute":true,"IsAuto":false,"IsStar":false},"UserLength":{"Value":261.65048543689318,"GridUnitType":1,"IsAbsolute":true,"IsAuto":false,"IsStar":false},"UserLengthPixels":261.65048543689318},"StatusColumn":{"UserCollapsed":false,"Length":{"Value":0.0,"GridUnitType":1,"IsAbsolute":true,"IsAuto":false,"IsStar":false},"LengthIncludingGridSplitter":{"Value":0.0,"GridUnitType":1,"IsAbsolute":true,"IsAuto":false,"IsStar":false},"UserLength":{"Value":50.0,"GridUnitType":1,"IsAbsolute":true,"IsAuto":false,"IsStar":false},"UserLengthPixels":50.0},"DateModifiedColumn":{"UserCollapsed":false,"Length":{"Value":261.65048543689318,"GridUnitType":1,"IsAbsolute":true,"IsAuto":false,"IsStar":false},"LengthIncludingGridSplitter":{"Value":262.65048543689318,"GridUnitType":1,"IsAbsolute":true,"IsAuto":false,"IsStar":false},"UserLength":{"Value":261.65048543689318,"GridUnitType":1,"IsAbsolute":true,"IsAuto":false,"IsStar":false},"UserLengthPixels":261.65048543689318},"OriginalPathColumn":{"UserCollapsed":false,"Length":{"Value":0.0,"GridUnitType":1,"IsAbsolute":true,"IsAuto":false,"IsStar":false},"LengthIncludingGridSplitter":{"Value":0.0,"GridUnitType":1,"IsAbsolute":true,"IsAuto":false,"IsStar":false},"UserLength":{"Value":200.0,"GridUnitType":1,"IsAbsolute":true,"IsAuto":false,"IsStar":false},"UserLengthPixels":200.0},"ItemTypeColumn":{"UserCollapsed":false,"Length":{"Value":261.65048543689318,"GridUnitType":1,"IsAbsolute":true,"IsAuto":false,"IsStar":false},"LengthIncludingGridSplitter":{"Value":262.65048543689318,"GridUnitType":1,"IsAbsolute":true,"IsAuto":false,"IsStar":false},"UserLength":{"Value":261.65048543689318,"GridUnitType":1,"IsAbsolute":true,"IsAuto":false,"IsStar":false},"UserLengthPixels":261.65048543689318},"DateDeletedColumn":{"UserCollapsed":false,"Length":{"Value":0.0,"GridUnitType":1,"IsAbsolute":true,"IsAuto":false,"IsStar":false},"LengthIncludingGridSplitter":{"Value":0.0,"GridUnitType":1,"IsAbsolute":true,"IsAuto":false,"IsStar":false},"UserLength":{"Value":200.0,"GridUnitType":1,"IsAbsolute":true,"IsAuto":false,"IsStar":false},"UserLengthPixels":200.0},"DateCreatedColumn":{"UserCollapsed":true,"Length":{"Value":0.0,"GridUnitType":1,"IsAbsolute":true,"IsAuto":false,"IsStar":false},"LengthIncludingGridSplitter":{"Value":0.0,"GridUnitType":1,"IsAbsolute":true,"IsAuto":false,"IsStar":false},"UserLength":{"Value":200.0,"GridUnitType":1,"IsAbsolute":true,"IsAuto":false,"IsStar":false},"UserLengthPixels":200.0},"SizeColumn":{"UserCollapsed":false,"Length":{"Value":261.65048543689318,"GridUnitType":1,"IsAbsolute":true,"IsAuto":false,"IsStar":false},"LengthIncludingGridSplitter":{"Value":262.65048543689318,"GridUnitType":1,"IsAbsolute":true,"IsAuto":false,"IsStar":false},"UserLength":{"Value":261.65048543689318,"GridUnitType":1,"IsAbsolute":true,"IsAuto":false,"IsStar":false},"UserLengthPixels":261.65048543689318},"TotalWidth":1070.6019417475727},"IsAdaptiveLayoutOverridden":false}